movie_id,title,overview,Trailer,vote_average,genres,cast,crew,runtime,tags,original_language,release_date
19995,Avatar,"In the 22nd century, a paraplegic Marine is dispatched to the moon Pandora on a unique mission, but becomes torn between following orders and protecting an alien civilization.",,7.2,"['Action', 'Adventure', 'Fantasy', 'ScienceFiction']","['SamWorthington', 'ZoeSaldana', 'SigourneyWeaver']",['JamesCameron'],162,"In the 22nd century, a paraplegic Marine is dispatched to the moon Pandora on a unique mission, but becomes torn between following orders and protecting an alien civilization. Action Adventure Fantasy ScienceFiction cultureclash future spacewar spacecolony society spacetravel futuristic romance space alien tribe alienplanet cgi marine soldier battle loveaffair antiwar powerrelations mindandsoul 3d SamWorthington ZoeSaldana SigourneyWeaver JamesCameron",en,12/10/2009
285,Pirates of the Caribbean: At World's End,"Captain Barbossa, long believed to be dead, has come back to life and is headed to the edge of the Earth with Will Turner and Elizabeth Swann. But nothing is quite as it seems.",,6.9,"['Adventure', 'Fantasy', 'Action']","['JohnnyDepp', 'OrlandoBloom', 'KeiraKnightley']",['GoreVerbinski'],169,"Captain Barbossa, long believed to be dead, has come back to life and is headed to the edge of the Earth with Will Turner and Elizabeth Swann. But nothing is quite as it seems. Adventure Fantasy Action ocean drugabuse exoticisland eastindiatradingcompany loveofone'slife traitor shipwreck strongwoman ship alliance calypso afterlife fighter pirate swashbuckler aftercreditsstinger JohnnyDepp OrlandoBloom KeiraKnightley GoreVerbinski",en,5/19/2007
206647,Spectre,"A cryptic message from Bond’s past sends him on a trail to uncover a sinister organization. While M battles political forces to keep the secret service alive, Bond peels back the layers of deceit to reveal the terrible truth behind SPECTRE.",,6.3,"['Action', 'Adventure', 'Crime']","['DanielCraig', 'ChristophWaltz', 'LéaSeydoux']",['SamMendes'],148,"A cryptic message from Bond’s past sends him on a trail to uncover a sinister organization. While M battles political forces to keep the secret service alive, Bond peels back the layers of deceit to reveal the terrible truth behind SPECTRE. Action Adventure Crime spy basedonnovel secretagent sequel mi6 britishsecretservice unitedkingdom DanielCraig ChristophWaltz LéaSeydoux SamMendes",en,10/26/2015
49026,The Dark Knight Rises,"Following the death of District Attorney Harvey Dent, Batman assumes responsibility for Dent's crimes to protect the late attorney's reputation and is subsequently hunted by the Gotham City Police Department. Eight years later, Batman encounters the mysterious Selina Kyle and the villainous Bane, a new terrorist leader who overwhelms Gotham's finest. The Dark Knight resurfaces to protect a city that has branded him an enemy.",,7.6,"['Action', 'Crime', 'Drama', 'Thriller']","['ChristianBale', 'MichaelCaine', 'GaryOldman']",['ChristopherNolan'],165,"Following the death of District Attorney Harvey Dent, Batman assumes responsibility for Dent's crimes to protect the late attorney's reputation and is subsequently hunted by the Gotham City Police Department. Eight years later, Batman encounters the mysterious Selina Kyle and the villainous Bane, a new terrorist leader who overwhelms Gotham's finest. The Dark Knight resurfaces to protect a city that has branded him an enemy. Action Crime Drama Thriller dccomics crimefighter terrorist secretidentity burglar hostagedrama timebomb gothamcity vigilante cover-up superhero villainess tragichero terrorism destruction catwoman catburglar imax flood criminalunderworld batman ChristianBale MichaelCaine GaryOldman ChristopherNolan",en,7/16/2012
49529,John Carter,"John Carter is a war-weary, former military captain who's inexplicably transported to the mysterious and exotic planet of Barsoom (Mars) and reluctantly becomes embroiled in an epic conflict. It's a world on the brink of collapse, and Carter rediscovers his humanity when he realizes the survival of Barsoom and its people rests in his hands.",,6.1,"['Action', 'Adventure', 'ScienceFiction']","['TaylorKitsch', 'LynnCollins', 'SamanthaMorton']",['AndrewStanton'],132,"John Carter is a war-weary, former military captain who's inexplicably transported to the mysterious and exotic planet of Barsoom (Mars) and reluctantly becomes embroiled in an epic conflict. It's a world on the brink of collapse, and Carter rediscovers his humanity when he realizes the survival of Barsoom and its people rests in his hands. Action Adventure ScienceFiction basedonnovel mars medallion spacetravel princess alien steampunk martian escape edgarriceburroughs alienrace superhumanstrength marscivilization swordandplanet 19thcentury 3d TaylorKitsch LynnCollins SamanthaMorton AndrewStanton",en,3/7/2012
559,Spider-Man 3,"The seemingly invincible Spider-Man goes up against an all-new crop of villain – including the shape-shifting Sandman. While Spider-Man’s superpowers are altered by an alien organism, his alter ego, Peter Parker, deals with nemesis Eddie Brock and also gets caught up in a love triangle.",,5.9,"['Fantasy', 'Action', 'Adventure']","['TobeyMaguire', 'KirstenDunst', 'JamesFranco']",['SamRaimi'],139,"The seemingly invincible Spider-Man goes up against an all-new crop of villain – including the shape-shifting Sandman. While Spider-Man’s superpowers are altered by an alien organism, his alter ego, Peter Parker, deals with nemesis Eddie Brock and also gets caught up in a love triangle. Fantasy Action Adventure dualidentity amnesia sandstorm loveofone'slife forgiveness spider wretch deathofafriend egomania sand narcism hostility marvelcomic sequel superhero revenge TobeyMaguire KirstenDunst JamesFranco SamRaimi",en,5/1/2007
38757,Tangled,"When the kingdom's most wanted-and most charming-bandit Flynn Rider hides out in a mysterious tower, he's taken hostage by Rapunzel, a beautiful and feisty tower-bound teen with 70 feet of magical, golden hair. Flynn's curious captor, who's looking for her ticket out of the tower where she's been locked away for years, strikes a deal with the handsome thief and the unlikely duo sets off on an action-packed escapade, complete with a super-cop horse, an over-protective chameleon and a gruff gang of pub thugs.",,7.4,"['Animation', 'Family']","['ZacharyLevi', 'MandyMoore', 'DonnaMurphy']","['ByronHoward', 'NathanGreno']",100,"When the kingdom's most wanted-and most charming-bandit Flynn Rider hides out in a mysterious tower, he's taken hostage by Rapunzel, a beautiful and feisty tower-bound teen with 70 feet of magical, golden hair. Flynn's curious captor, who's looking for her ticket out of the tower where she's been locked away for years, strikes a deal with the handsome thief and the unlikely duo sets off on an action-packed escapade, complete with a super-cop horse, an over-protective chameleon and a gruff gang of pub thugs. Animation Family hostage magic horse fairytale musical princess animation tower blondewoman selfishness healingpower basedonfairytale duringcreditsstinger healinggift animalsidekick ZacharyLevi MandyMoore DonnaMurphy ByronHoward NathanGreno",en,11/24/2010
99861,Avengers: Age of Ultron,"When Tony Stark tries to jumpstart a dormant peacekeeping program, things go awry and Earth’s Mightiest Heroes are put to the ultimate test as the fate of the planet hangs in the balance. As the villainous Ultron emerges, it is up to The Avengers to stop him from enacting his terrible plans, and soon uneasy alliances and unexpected action pave the way for an epic and unique global adventure.",,7.3,"['Action', 'Adventure', 'ScienceFiction']","['RobertDowneyJr.', 'ChrisHemsworth', 'MarkRuffalo']",['JossWhedon'],141,"When Tony Stark tries to jumpstart a dormant peacekeeping program, things go awry and Earth’s Mightiest Heroes are put to the ultimate test as the fate of the planet hangs in the balance. As the villainous Ultron emerges, it is up to The Avengers to stop him from enacting his terrible plans, and soon uneasy alliances and unexpected action pave the way for an epic and unique global adventure. Action Adventure ScienceFiction marvelcomic sequel superhero basedoncomicbook vision superheroteam duringcreditsstinger marvelcinematicuniverse 3d RobertDowneyJr. ChrisHemsworth MarkRuffalo JossWhedon",en,4/22/2015
767,Harry Potter and the Half-Blood Prince,"As Harry begins his sixth year at Hogwarts, he discovers an old book marked as 'Property of the Half-Blood Prince', and begins to learn more about Lord Voldemort's dark past.",,7.4,"['Adventure', 'Fantasy', 'Family']","['DanielRadcliffe', 'RupertGrint', 'EmmaWatson']",['DavidYates'],153,"As Harry begins his sixth year at Hogwarts, he discovers an old book marked as 'Property of the Half-Blood Prince', and begins to learn more about Lord Voldemort's dark past. Adventure Fantasy Family witch magic broom schoolofwitchcraft wizardry apparition teenagecrush werewolf DanielRadcliffe RupertGrint EmmaWatson DavidYates",en,7/7/2009
209112,Batman v Superman: Dawn of Justice,"Fearing the actions of a god-like Super Hero left unchecked, Gotham City’s own formidable, forceful vigilante takes on Metropolis’s most revered, modern-day savior, while the world wrestles with what sort of hero it really needs. And with Batman and Superman at war with one another, a new threat quickly arises, putting mankind in greater danger than it’s ever known before.",,5.7,"['Action', 'Adventure', 'Fantasy']","['BenAffleck', 'HenryCavill', 'GalGadot']",['ZackSnyder'],151,"Fearing the actions of a god-like Super Hero left unchecked, Gotham City’s own formidable, forceful vigilante takes on Metropolis’s most revered, modern-day savior, while the world wrestles with what sort of hero it really needs. And with Batman and Superman at war with one another, a new threat quickly arises, putting mankind in greater danger than it’s ever known before. Action Adventure Fantasy dccomics vigilante superhero basedoncomicbook revenge superpowers clarkkent brucewayne dcextendeduniverse BenAffleck HenryCavill GalGadot ZackSnyder",en,3/23/2016
1452,Superman Returns,"Superman returns to discover his 5-year absence has allowed Lex Luthor to walk free, and that those he was closest too felt abandoned and have moved on. Luthor plots his ultimate revenge that could see millions killed and change the face of the planet forever, as well as ridding himself of the Man of Steel.",,5.4,"['Adventure', 'Fantasy', 'Action', 'ScienceFiction']","['BrandonRouth', 'KevinSpacey', 'KateBosworth']",['BryanSinger'],154,"Superman returns to discover his 5-year absence has allowed Lex Luthor to walk free, and that those he was closest too felt abandoned and have moved on. Luthor plots his ultimate revenge that could see millions killed and change the face of the planet forever, as well as ridding himself of the Man of Steel. Adventure Fantasy Action ScienceFiction savingtheworld dccomics invulnerability sequel superhero basedoncomicbook kryptonite superpowers superhumanstrength lexluthor BrandonRouth KevinSpacey KateBosworth BryanSinger",en,6/28/2006
10764,Quantum of Solace,"Quantum of Solace continues the adventures of James Bond after Casino Royale. Betrayed by Vesper, the woman he loved, 007 fights the urge to make his latest mission personal. Pursuing his determination to uncover the truth, Bond and M interrogate Mr. White, who reveals that the organization that blackmailed Vesper is far more complex and dangerous than anyone had imagined.",,6.1,"['Adventure', 'Action', 'Thriller', 'Crime']","['DanielCraig', 'OlgaKurylenko', 'MathieuAmalric']",['MarcForster'],106,"Quantum of Solace continues the adventures of James Bond after Casino Royale. Betrayed by Vesper, the woman he loved, 007 fights the urge to make his latest mission personal. Pursuing his determination to uncover the truth, Bond and M interrogate Mr. White, who reveals that the organization that blackmailed Vesper is far more complex and dangerous than anyone had imagined. Adventure Action Thriller Crime killing undercover secretagent britishsecretservice DanielCraig OlgaKurylenko MathieuAmalric MarcForster",en,10/30/2008
58,Pirates of the Caribbean: Dead Man's Chest,"Captain Jack Sparrow works his way out of a blood debt with the ghostly Davey Jones, he also attempts to avoid eternal damnation.",,7,"['Adventure', 'Fantasy', 'Action']","['JohnnyDepp', 'OrlandoBloom', 'KeiraKnightley']",['GoreVerbinski'],151,"Captain Jack Sparrow works his way out of a blood debt with the ghostly Davey Jones, he also attempts to avoid eternal damnation. Adventure Fantasy Action witch fortuneteller bondage exoticisland monster captain cardgame eastindiatradingcompany compass ship daughter pirate swashbuckler aftercreditsstinger JohnnyDepp OrlandoBloom KeiraKnightley GoreVerbinski",en,6/20/2006
57201,The Lone Ranger,"The Texas Rangers chase down a gang of outlaws led by Butch Cavendish, but the gang ambushes the Rangers, seemingly killing them all. One survivor is found, however, by an American Indian named Tonto, who nurses him back to health. The Ranger, donning a mask and riding a white stallion named Silver, teams up with Tonto to bring the unscrupulous gang and others of that ilk to justice.",,5.9,"['Action', 'Adventure', 'Western']","['JohnnyDepp', 'ArmieHammer', 'WilliamFichtner']",['GoreVerbinski'],149,"The Texas Rangers chase down a gang of outlaws led by Butch Cavendish, but the gang ambushes the Rangers, seemingly killing them all. One survivor is found, however, by an American Indian named Tonto, who nurses him back to health. The Ranger, donning a mask and riding a white stallion named Silver, teams up with Tonto to bring the unscrupulous gang and others of that ilk to justice. Action Adventure Western texas horse survivor texasranger partner outlaw escape lawyer train loneranger comanche theloneranger tonto JohnnyDepp ArmieHammer WilliamFichtner GoreVerbinski",en,7/3/2013
49521,Man of Steel,"A young boy learns that he has extraordinary powers and is not of this earth. As a young man, he journeys to discover where he came from and what he was sent here to do. But the hero in him must emerge if he is to save the world from annihilation and become the symbol of hope for all mankind.",,6.5,"['Action', 'Adventure', 'Fantasy', 'ScienceFiction']","['HenryCavill', 'AmyAdams', 'MichaelShannon']",['ZackSnyder'],143,"A young boy learns that he has extraordinary powers and is not of this earth. As a young man, he journeys to discover where he came from and what he was sent here to do. But the hero in him must emerge if he is to save the world from annihilation and become the symbol of hope for all mankind. Action Adventure Fantasy ScienceFiction savingtheworld dccomics superhero basedoncomicbook superhuman alieninvasion reboot superpowers dcextendeduniverse HenryCavill AmyAdams MichaelShannon ZackSnyder",en,6/12/2013
2454,The Chronicles of Narnia: Prince Caspian,"One year after their incredible adventures in the Lion, the Witch and the Wardrobe, Peter, Edmund, Lucy and Susan Pevensie return to Narnia to aid a young prince whose life has been threatened by the evil King Miraz. Now, with the help of a colorful cast of new characters, including Trufflehunter the badger and Nikabrik the dwarf, the Pevensie clan embarks on an incredible quest to ensure that Narnia is returned to its rightful heir.",,6.3,"['Adventure', 'Family', 'Fantasy']","['BenBarnes', 'WilliamMoseley', 'AnnaPopplewell']",['AndrewAdamson'],150,"One year after their incredible adventures in the Lion, the Witch and the Wardrobe, Peter, Edmund, Lucy and Susan Pevensie return to Narnia to aid a young prince whose life has been threatened by the evil King Miraz. Now, with the help of a colorful cast of new characters, including Trufflehunter the badger and Nikabrik the dwarf, the Pevensie clan embarks on an incredible quest to ensure that Narnia is returned to its rightful heir. Adventure Family Fantasy basedonnovel fictionalplace brothersisterrelationship lion humanbeing wretch leapintime matteroflifeanddeath faith uncle narnia fantasyworld BenBarnes WilliamMoseley AnnaPopplewell AndrewAdamson",en,5/15/2008
24428,The Avengers,"When an unexpected enemy emerges and threatens global safety and security, Nick Fury, director of the international peacekeeping agency known as S.H.I.E.L.D., finds himself in need of a team to pull the world back from the brink of disaster. Spanning the globe, a daring recruitment effort begins!",,7.4,"['ScienceFiction', 'Action', 'Adventure']","['RobertDowneyJr.', 'ChrisEvans', 'MarkRuffalo']",['JossWhedon'],143,"When an unexpected enemy emerges and threatens global safety and security, Nick Fury, director of the international peacekeeping agency known as S.H.I.E.L.D., finds himself in need of a team to pull the world back from the brink of disaster. Spanning the globe, a daring recruitment effort begins! ScienceFiction Action Adventure newyork shield marvelcomic superhero basedoncomicbook alieninvasion superheroteam aftercreditsstinger duringcreditsstinger marvelcinematicuniverse RobertDowneyJr. ChrisEvans MarkRuffalo JossWhedon",en,4/25/2012
1865,Pirates of the Caribbean: On Stranger Tides,"Captain Jack Sparrow crosses paths with a woman from his past, and he's not sure if it's love -- or if she's a ruthless con artist who's using him to find the fabled Fountain of Youth. When she forces him aboard the Queen Anne's Revenge, the ship of the formidable pirate Blackbeard, Jack finds himself on an unexpected adventure in which he doesn't know who to fear more: Blackbeard or the woman from his past.",,6.4,"['Adventure', 'Action', 'Fantasy']","['JohnnyDepp', 'PenélopeCruz', 'IanMcShane']",['RobMarshall'],136,"Captain Jack Sparrow crosses paths with a woman from his past, and he's not sure if it's love -- or if she's a ruthless con artist who's using him to find the fabled Fountain of Youth. When she forces him aboard the Queen Anne's Revenge, the ship of the formidable pirate Blackbeard, Jack finds himself on an unexpected adventure in which he doesn't know who to fear more: Blackbeard or the woman from his past. Adventure Action Fantasy sea captain mutiny sword primeminister sailing silver ship duke mermaid pirate soldier battle swashbuckler aftercreditsstinger 3d JohnnyDepp PenélopeCruz IanMcShane RobMarshall",en,5/14/2011
41154,Men in Black 3,"Agents J (Will Smith) and K (Tommy Lee Jones) are back...in time. J has seen some inexplicable things in his 15 years with the Men in Black, but nothing, not even aliens, perplexes him as much as his wry, reticent partner. But when K's life and the fate of the planet are put at stake, Agent J will have to travel back in time to put things right. J discovers that there are secrets to the universe that K never told him - secrets that will reveal themselves as he teams up with the young Agent K (Josh Brolin) to save his partner, the agency, and the future of humankind.",,6.2,"['Action', 'Comedy', 'ScienceFiction']","['WillSmith', 'TommyLeeJones', 'JoshBrolin']",['BarrySonnenfeld'],106,"Agents J (Will Smith) and K (Tommy Lee Jones) are back...in time. J has seen some inexplicable things in his 15 years with the Men in Black, but nothing, not even aliens, perplexes him as much as his wry, reticent partner. But when K's life and the fate of the planet are put at stake, Agent J will have to travel back in time to put things right. J discovers that there are secrets to the universe that K never told him - secrets that will reveal themselves as he teams up with the young Agent K (Josh Brolin) to save his partner, the agency, and the future of humankind. Action Comedy ScienceFiction timetravel timemachine alien fictionalgovernmentagency seeingthefuture changinghistory WillSmith TommyLeeJones JoshBrolin BarrySonnenfeld",en,5/23/2012
122917,The Hobbit: The Battle of the Five Armies,"Immediately after the events of The Desolation of Smaug, Bilbo and the dwarves try to defend Erebor's mountain of treasure from others who claim it: the men of the ruined Laketown and the elves of Mirkwood. Meanwhile an army of Orcs led by Azog the Defiler is marching on Erebor, fueled by the rise of the dark lord Sauron. Dwarves, elves and men must unite, and the hope for Middle-Earth falls into Bilbo's hands.",,7.1,"['Action', 'Adventure', 'Fantasy']","['MartinFreeman', 'IanMcKellen', 'RichardArmitage']",['PeterJackson'],144,"Immediately after the events of The Desolation of Smaug, Bilbo and the dwarves try to defend Erebor's mountain of treasure from others who claim it: the men of the ruined Laketown and the elves of Mirkwood. Meanwhile an army of Orcs led by Azog the Defiler is marching on Erebor, fueled by the rise of the dark lord Sauron. Dwarves, elves and men must unite, and the hope for Middle-Earth falls into Bilbo's hands. Action Adventure Fantasy corruption elves dwarves orcs middle-earth(tolkien) hobbit dragon battle unlikelyfriendship epicbattle swordandsorcery MartinFreeman IanMcKellen RichardArmitage PeterJackson",en,12/10/2014
1930,The Amazing Spider-Man,"Peter Parker is an outcast high schooler abandoned by his parents as a boy, leaving him to be raised by his Uncle Ben and Aunt May. Like most teenagers, Peter is trying to figure out who he is and how he got to be the person he is today. As Peter discovers a mysterious briefcase that belonged to his father, he begins a quest to understand his parents' disappearance – leading him directly to Oscorp and the lab of Dr. Curt Connors, his father's former partner. As Spider-Man is set on a collision course with Connors' alter ego, The Lizard, Peter will make life-altering choices to use his powers and shape his destiny to become a hero.",,6.5,"['Action', 'Adventure', 'Fantasy']","['AndrewGarfield', 'EmmaStone', 'RhysIfans']",['MarcWebb'],136,"Peter Parker is an outcast high schooler abandoned by his parents as a boy, leaving him to be raised by his Uncle Ben and Aunt May. Like most teenagers, Peter is trying to figure out who he is and how he got to be the person he is today. As Peter discovers a mysterious briefcase that belonged to his father, he begins a quest to understand his parents' disappearance – leading him directly to Oscorp and the lab of Dr. Curt Connors, his father's former partner. As Spider-Man is set on a collision course with Connors' alter ego, The Lizard, Peter will make life-altering choices to use his powers and shape his destiny to become a hero. Action Adventure Fantasy lossoffather vigilante serum marvelcomic scientificexperiment spiderbite maskedvigilante reboot superpowers geneticengineering socialoutcast duringcreditsstinger AndrewGarfield EmmaStone RhysIfans MarcWebb",en,6/27/2012
20662,Robin Hood,"When soldier Robin happens upon the dying Robert of Loxley, he promises to return the man's sword to his family in Nottingham. There, he assumes Robert's identity; romances his widow, Marion; and draws the ire of the town's sheriff and King John's henchman, Godfrey.",,6.2,"['Action', 'Adventure']","['RussellCrowe', 'CateBlanchett', 'MaxvonSydow']",['RidleyScott'],140,"When soldier Robin happens upon the dying Robert of Loxley, he promises to return the man's sword to his family in Nottingham. There, he assumes Robert's identity; romances his widow, Marion; and draws the ire of the town's sheriff and King John's henchman, Godfrey. Action Adventure robinhood archer knight sherwoodforest bowandarrow middleages medieval kingofengland RussellCrowe CateBlanchett MaxvonSydow RidleyScott",en,5/12/2010
57158,The Hobbit: The Desolation of Smaug,"The Dwarves, Bilbo and Gandalf have successfully escaped the Misty Mountains, and Bilbo has gained the One Ring. They all continue their journey to get their gold back from the Dragon, Smaug.",,7.6,"['Adventure', 'Fantasy']","['MartinFreeman', 'IanMcKellen', 'RichardArmitage']",['PeterJackson'],161,"The Dwarves, Bilbo and Gandalf have successfully escaped the Misty Mountains, and Bilbo has gained the One Ring. They all continue their journey to get their gold back from the Dragon, Smaug. Adventure Fantasy elves dwarves orcs hobbit dragon wizard swordandsorcery MartinFreeman IanMcKellen RichardArmitage PeterJackson",en,12/11/2013
2268,The Golden Compass,"After overhearing a shocking secret, precocious orphan Lyra Belacqua trades her carefree existence roaming the halls of Jordan College for an otherworldly adventure in the far North, unaware that it's part of her destiny.",,5.8,"['Adventure', 'Fantasy']","['DakotaBlueRichards', 'NicoleKidman', 'DanielCraig']",['ChrisWeitz'],113,"After overhearing a shocking secret, precocious orphan Lyra Belacqua trades her carefree existence roaming the halls of Jordan College for an otherworldly adventure in the far North, unaware that it's part of her destiny. Adventure Fantasy england compass experiment lordship uncle polarbear orphan animal basedonyoungadultnovel DakotaBlueRichards NicoleKidman DanielCraig ChrisWeitz",en,12/4/2007
254,King Kong,"In 1933 New York, an overly ambitious movie producer coerces his cast and hired ship crew to travel to mysterious Skull Island, where they encounter Kong, a giant ape who is immediately smitten with the leading lady.",,6.6,"['Adventure', 'Drama', 'Action']","['NaomiWatts', 'JackBlack', 'AdrienBrody']",['PeterJackson'],187,"In 1933 New York, an overly ambitious movie producer coerces his cast and hired ship crew to travel to mysterious Skull Island, where they encounter Kong, a giant ape who is immediately smitten with the leading lady. Adventure Drama Action filmbusiness screenplay showbusiness filmmaking filmproducer exoticisland monster indigenous ship dinosaur NaomiWatts JackBlack AdrienBrody PeterJackson",en,12/14/2005
597,Titanic,"84 years later, a 101-year-old woman named Rose DeWitt Bukater tells the story to her granddaughter Lizzy Calvert, Brock Lovett, Lewis Bodine, Bobby Buell and Anatoly Mikailavich on the Keldysh about her life set in April 10th 1912, on a ship called Titanic when young Rose boards the departing ship with the upper-class passengers and her mother, Ruth DeWitt Bukater, and her fiancé, Caledon Hockley. Meanwhile, a drifter and artist named Jack Dawson and his best friend Fabrizio De Rossi win third-class tickets to the ship in a game. And she explains the whole story from departure until the death of Titanic on its first and last voyage April 15th, 1912 at 2:20 in the morning.",,7.5,"['Drama', 'Romance', 'Thriller']","['KateWinslet', 'LeonardoDiCaprio', 'FrancesFisher']",['JamesCameron'],194,"84 years later, a 101-year-old woman named Rose DeWitt Bukater tells the story to her granddaughter Lizzy Calvert, Brock Lovett, Lewis Bodine, Bobby Buell and Anatoly Mikailavich on the Keldysh about her life set in April 10th 1912, on a ship called Titanic when young Rose boards the departing ship with the upper-class passengers and her mother, Ruth DeWitt Bukater, and her fiancé, Caledon Hockley. Meanwhile, a drifter and artist named Jack Dawson and his best friend Fabrizio De Rossi win third-class tickets to the ship in a game. And she explains the whole story from departure until the death of Titanic on its first and last voyage April 15th, 1912 at 2:20 in the morning. Drama Romance Thriller shipwreck iceberg ship panic titanic oceanliner epic richwoman-poorman love disaster tragiclove classdifferences imax starcrossedlovers steerage salvage richsnob 3d 1910s KateWinslet LeonardoDiCaprio FrancesFisher JamesCameron",en,11/18/1997
271110,Captain America: Civil War,"Following the events of Age of Ultron, the collective governments of the world pass an act designed to regulate all superhuman activity. This polarizes opinion amongst the Avengers, causing two factions to side with Iron Man or Captain America, which causes an epic battle between former allies.",,7.1,"['Adventure', 'Action', 'ScienceFiction']","['ChrisEvans', 'RobertDowneyJr.', 'ScarlettJohansson']","['AnthonyRusso', 'JoeRusso']",147,"Following the events of Age of Ultron, the collective governments of the world pass an act designed to regulate all superhuman activity. This polarizes opinion amongst the Avengers, causing two factions to side with Iron Man or Captain America, which causes an epic battle between former allies. Adventure Action ScienceFiction civilwar war marvelcomic sequel superhero basedoncomicbook imax aftercreditsstinger duringcreditsstinger marvelcinematicuniverse 3d ChrisEvans RobertDowneyJr. ScarlettJohansson AnthonyRusso JoeRusso",en,4/27/2016
44833,Battleship,"When mankind beams a radio signal into space, a reply comes from ‘Planet G’, in the form of several alien crafts that splash down in the waters off Hawaii. Lieutenant Alex Hopper is a weapons officer assigned to the USS John Paul Jones, part of an international naval coalition which becomes the world's last hope for survival as they engage the hostile alien force of unimaginable strength. While taking on the invaders, Hopper must also try to live up to the potential his brother, and his fiancée's father, Admiral Shane, expect of him.",,5.5,"['Thriller', 'Action', 'Adventure', 'ScienceFiction']","['TaylorKitsch', 'AlexanderSkarsgård', 'Rihanna']",['PeterBerg'],131,"When mankind beams a radio signal into space, a reply comes from ‘Planet G’, in the form of several alien crafts that splash down in the waters off Hawaii. Lieutenant Alex Hopper is a weapons officer assigned to the USS John Paul Jones, part of an international naval coalition which becomes the world's last hope for survival as they engage the hostile alien force of unimaginable strength. While taking on the invaders, Hopper must also try to live up to the potential his brother, and his fiancée's father, Admiral Shane, expect of him. Thriller Action Adventure ScienceFiction fight u.s.navy mindreading hongkong soccer scientist fictionalwar naval armada battleship navalcombat jdsmyoko lostcommunication taser buoy communicationsexpert jointchiefsofstaff crashlanding jetfighterpilot navylieutenant permissiontomarry ussjohnpauljones basedonboardgame aftercreditsstinger mightymo ussmissouri TaylorKitsch AlexanderSkarsgård Rihanna PeterBerg",en,4/11/2012
135397,Jurassic World,"Twenty-two years after the events of Jurassic Park, Isla Nublar now features a fully functioning dinosaur theme park, Jurassic World, as originally envisioned by John Hammond.",,6.5,"['Action', 'Adventure', 'ScienceFiction', 'Thriller']","['ChrisPratt', 'BryceDallasHoward', 'IrrfanKhan']",['ColinTrevorrow'],124,"Twenty-two years after the events of Jurassic Park, Isla Nublar now features a fully functioning dinosaur theme park, Jurassic World, as originally envisioned by John Hammond. Action Adventure ScienceFiction Thriller monster dna tyrannosaurusrex velociraptor island sequel suspense disaster escape dinosaur amusementpark animalattack themepark jurassicpark 3d animalhorror ChrisPratt BryceDallasHoward IrrfanKhan ColinTrevorrow",en,6/9/2015
37724,Skyfall,"When Bond's latest assignment goes gravely wrong and agents around the world are exposed, MI6 is attacked forcing M to relocate the agency. These events cause her authority and position to be challenged by Gareth Mallory, the new Chairman of the Intelligence and Security Committee. With MI6 now compromised from both inside and out, M is left with one ally she can trust: Bond. 007 takes to the shadows - aided only by field agent, Eve - following a trail to the mysterious Silva, whose lethal and hidden motives have yet to reveal themselves.",,6.9,"['Action', 'Adventure', 'Thriller']","['DanielCraig', 'JudiDench', 'JavierBardem']",['SamMendes'],143,"When Bond's latest assignment goes gravely wrong and agents around the world are exposed, MI6 is attacked forcing M to relocate the agency. These events cause her authority and position to be challenged by Gareth Mallory, the new Chairman of the Intelligence and Security Committee. With MI6 now compromised from both inside and out, M is left with one ally she can trust: Bond. 007 takes to the shadows - aided only by field agent, Eve - following a trail to the mysterious Silva, whose lethal and hidden motives have yet to reveal themselves. Action Adventure Thriller spy secretagent sociopath killer artgallery britishsecretservice istanbulturkey imax uzi boobytrap impersonatingapoliceofficer macao DanielCraig JudiDench JavierBardem SamMendes",en,10/25/2012
558,Spider-Man 2,"Peter Parker is going through a major identity crisis. Burned out from being Spider-Man, he decides to shelve his superhero alter ego, which leaves the city suffering in the wake of carnage left by the evil Doc Ock. In the meantime, Parker still can't act on his feelings for Mary Jane Watson, a girl he's loved since childhood.",,6.7,"['Action', 'Adventure', 'Fantasy']","['TobeyMaguire', 'KirstenDunst', 'JamesFranco']",['SamRaimi'],127,"Peter Parker is going through a major identity crisis. Burned out from being Spider-Man, he decides to shelve his superhero alter ego, which leaves the city suffering in the wake of carnage left by the evil Doc Ock. In the meantime, Parker still can't act on his feelings for Mary Jane Watson, a girl he's loved since childhood. Action Adventure Fantasy dualidentity loveofone'slife pizzaboy marvelcomic sequel superhero doctor scientist tentacle death supervillain TobeyMaguire KirstenDunst JamesFranco SamRaimi",en,6/25/2004
68721,Iron Man 3,"When Tony Stark's world is torn apart by a formidable terrorist called the Mandarin, he starts an odyssey of rebuilding and retribution.",,6.8,"['Action', 'Adventure', 'ScienceFiction']","['RobertDowneyJr.', 'GwynethPaltrow', 'DonCheadle']",['ShaneBlack'],130,"When Tony Stark's world is torn apart by a formidable terrorist called the Mandarin, he starts an odyssey of rebuilding and retribution. Action Adventure ScienceFiction terrorist waronterror tennessee malibu marvelcomic superhero basedoncomicbook tonystark ironman aftercreditsstinger marvelcinematicuniverse mandarin 3d warmachine ironpatriot extremis RobertDowneyJr. GwynethPaltrow DonCheadle ShaneBlack",en,4/18/2013
12155,Alice in Wonderland,"Alice, an unpretentious and individual 19-year-old, is betrothed to a dunce of an English nobleman. At her engagement party, she escapes the crowd to consider whether to go through with the marriage and falls down a hole in the garden after spotting an unusual rabbit. Arriving in a strange and surreal place called 'Underland,' she finds herself in a world that resembles the nightmares she had as a child, filled with talking animals, villainous queens and knights, and frumious bandersnatches. Alice realizes that she is there for a reason – to conquer the horrific Jabberwocky and restore the rightful queen to her throne.",,6.4,"['Family', 'Fantasy', 'Adventure']","['MiaWasikowska', 'JohnnyDepp', 'AnneHathaway']",['TimBurton'],108,"Alice, an unpretentious and individual 19-year-old, is betrothed to a dunce of an English nobleman. At her engagement party, she escapes the crowd to consider whether to go through with the marriage and falls down a hole in the garden after spotting an unusual rabbit. Arriving in a strange and surreal place called 'Underland,' she finds herself in a world that resembles the nightmares she had as a child, filled with talking animals, villainous queens and knights, and frumious bandersnatches. Alice realizes that she is there for a reason – to conquer the horrific Jabberwocky and restore the rightful queen to her throne. Family Fantasy Adventure basedonnovel fictionalplace queen fantasy aliceinwonderland fantasyworld 3d MiaWasikowska JohnnyDepp AnneHathaway TimBurton",en,3/3/2010
36668,X-Men: The Last Stand,"When a cure is found to treat mutations, lines are drawn amongst the X-Men and The Brotherhood, a band of powerful mutants organized under Xavier's former ally, Magneto.",,6.3,"['Adventure', 'Action', 'ScienceFiction', 'Thriller']","['HughJackman', 'HalleBerry', 'IanMcKellen']",['BrettRatner'],104,"When a cure is found to treat mutations, lines are drawn amongst the X-Men and The Brotherhood, a band of powerful mutants organized under Xavier's former ally, Magneto. Adventure Action ScienceFiction Thriller mutant marvelcomic basedoncomicbook superhuman beast cyclops aftercreditsstinger HughJackman HalleBerry IanMcKellen BrettRatner",en,5/24/2006
62211,Monsters University,A look at the relationship between Mike and Sulley during their days at Monsters University — when they weren't necessarily the best of friends.,,7,"['Animation', 'Family']","['BillyCrystal', 'JohnGoodman', 'SteveBuscemi']",['DanScanlon'],104,A look at the relationship between Mike and Sulley during their days at Monsters University — when they weren't necessarily the best of friends. Animation Family monster dormitory games animation bestfriend university scary aftercreditsstinger BillyCrystal JohnGoodman SteveBuscemi DanScanlon,en,6/20/2013
8373,Transformers: Revenge of the Fallen,"Sam Witwicky leaves the Autobots behind for a normal life. But when his mind is filled with cryptic symbols, the Decepticons target him and he is dragged back into the Transformers' war.",,6,"['ScienceFiction', 'Action', 'Adventure']","['ShiaLaBeouf', 'MeganFox', 'JoshDuhamel']",['MichaelBay'],150,"Sam Witwicky leaves the Autobots behind for a normal life. But when his mind is filled with cryptic symbols, the Decepticons target him and he is dragged back into the Transformers' war. ScienceFiction Action Adventure egypt sun chaos symbol artifact transformers tank robot imax duringcreditsstinger ShiaLaBeouf MeganFox JoshDuhamel MichaelBay",en,6/19/2009
91314,Transformers: Age of Extinction,"As humanity picks up the pieces, following the conclusion of ""Transformers: Dark of the Moon,"" Autobots and Decepticons have all but vanished from the face of the planet. However, a group of powerful, ingenious businessman and scientists attempt to learn from past Transformer incursions and push the boundaries of technology beyond what they can control - all while an ancient, powerful Transformer menace sets Earth in his cross-hairs.",,5.8,"['ScienceFiction', 'Action', 'Adventure']","['MarkWahlberg', 'StanleyTucci', 'KelseyGrammer']",['MichaelBay'],165,"As humanity picks up the pieces, following the conclusion of ""Transformers: Dark of the Moon,"" Autobots and Decepticons have all but vanished from the face of the planet. However, a group of powerful, ingenious businessman and scientists attempt to learn from past Transformer incursions and push the boundaries of technology beyond what they can control - all while an ancient, powerful Transformer menace sets Earth in his cross-hairs. ScienceFiction Action Adventure sequel alien transformers giantrobot robot imax transformingrobot MarkWahlberg StanleyTucci KelseyGrammer MichaelBay",en,6/25/2014
68728,Oz: The Great and Powerful,"Oscar Diggs, a small-time circus illusionist and con-artist, is whisked from Kansas to the Land of Oz where the inhabitants assume he's the great wizard of prophecy, there to save Oz from the clutches of evil.",,5.7,"['Fantasy', 'Adventure', 'Family']","['JamesFranco', 'MilaKunis', 'RachelWeisz']",['SamRaimi'],130,"Oscar Diggs, a small-time circus illusionist and con-artist, is whisked from Kansas to the Land of Oz where the inhabitants assume he's the great wizard of prophecy, there to save Oz from the clutches of evil. Fantasy Adventure Family circus witch magic hope illusion lost magictrick wizard 3d JamesFranco MilaKunis RachelWeisz SamRaimi",en,3/7/2013
102382,The Amazing Spider-Man 2,"For Peter Parker, life is busy. Between taking out the bad guys as Spider-Man and spending time with the person he loves, Gwen Stacy, high school graduation cannot come quickly enough. Peter has not forgotten about the promise he made to Gwen’s father to protect her by staying away, but that is a promise he cannot keep. Things will change for Peter when a new villain, Electro, emerges, an old friend, Harry Osborn, returns, and Peter uncovers new clues about his past.",,6.5,"['Action', 'Adventure', 'Fantasy']","['AndrewGarfield', 'EmmaStone', 'JamieFoxx']",['MarcWebb'],142,"For Peter Parker, life is busy. Between taking out the bad guys as Spider-Man and spending time with the person he loves, Gwen Stacy, high school graduation cannot come quickly enough. Peter has not forgotten about the promise he made to Gwen’s father to protect her by staying away, but that is a promise he cannot keep. Things will change for Peter when a new villain, Electro, emerges, an old friend, Harry Osborn, returns, and Peter uncovers new clues about his past. Action Adventure Fantasy obsession marvelcomic sequel basedoncomicbook electrocution medicalexperiment electricity superpowers AndrewGarfield EmmaStone JamieFoxx MarcWebb",en,4/16/2014
20526,TRON: Legacy,"Sam Flynn, the tech-savvy and daring son of Kevin Flynn, investigates his father's disappearance and is pulled into The Grid. With the help of a mysterious program named Quorra, Sam quests to stop evil dictator Clu from crossing into the real world.",,6.3,"['Adventure', 'Action', 'ScienceFiction']","['GarrettHedlund', 'JeffBridges', 'OliviaWilde']",['JosephKosinski'],125,"Sam Flynn, the tech-savvy and daring son of Kevin Flynn, investigates his father's disappearance and is pulled into The Grid. With the help of a mysterious program named Quorra, Sam quests to stop evil dictator Clu from crossing into the real world. Adventure Action ScienceFiction artificialintelligence secretidentity computerprogram dystopia computer deception duel motorcycle neonlight autocracy GarrettHedlund JeffBridges OliviaWilde JosephKosinski",en,12/10/2010
49013,Cars 2,Star race car Lightning McQueen and his pal Mater head overseas to compete in the World Grand Prix race. But the road to the championship becomes rocky as Mater gets caught up in an intriguing adventure of his own: international espionage.,,5.8,"['Animation', 'Family', 'Adventure', 'Comedy']","['OwenWilson', 'LarrytheCableGuy', 'MichaelCaine']","['JohnLasseter', 'BradLewis']",106,Star race car Lightning McQueen and his pal Mater head overseas to compete in the World Grand Prix race. But the road to the championship becomes rocky as Mater gets caught up in an intriguing adventure of his own: international espionage. Animation Family Adventure Comedy carrace sequel comedy anthropomorphism bestfriend duringcreditsstinger OwenWilson LarrytheCableGuy MichaelCaine JohnLasseter BradLewis,en,6/11/2011
44912,Green Lantern,"For centuries, a small but powerful force of warriors called the Green Lantern Corps has sworn to keep intergalactic order. Each Green Lantern wears a ring that grants him superpowers. But when a new enemy called Parallax threatens to destroy the balance of power in the Universe, their fate and the fate of Earth lie in the hands of the first human ever recruited.",,5.1,"['Adventure', 'Action', 'Thriller', 'ScienceFiction']","['RyanReynolds', 'BlakeLively', 'PeterSarsgaard']",['MartinCampbell'],114,"For centuries, a small but powerful force of warriors called the Green Lantern Corps has sworn to keep intergalactic order. Each Green Lantern wears a ring that grants him superpowers. But when a new enemy called Parallax threatens to destroy the balance of power in the Universe, their fate and the fate of Earth lie in the hands of the first human ever recruited. Adventure Action Thriller ScienceFiction dccomics transformation superhero alien alieninfection magicalobject protector superpowers origin 3d RyanReynolds BlakeLively PeterSarsgaard MartinCampbell",en,6/16/2011
10193,Toy Story 3,"Woody, Buzz, and the rest of Andy's toys haven't been played with in years. With Andy about to go to college, the gang find themselves accidentally left at a nefarious day care center. The toys must band together to escape and return home to Andy.",,7.6,"['Animation', 'Family', 'Comedy']","['TomHanks', 'TimAllen', 'NedBeatty']",['LeeUnkrich'],103,"Woody, Buzz, and the rest of Andy's toys haven't been played with in years. With Andy about to go to college, the gang find themselves accidentally left at a nefarious day care center. The toys must band together to escape and return home to Andy. Animation Family Comedy hostage college toy barbie animation escape daycare teddybear duringcreditsstinger toycomestolife personification inanimateobjectscomingtolife toystory TomHanks TimAllen NedBeatty LeeUnkrich",en,6/16/2010
534,Terminator Salvation,"All grown up in post-apocalyptic 2018, John Connor must lead the resistance of humans against the increasingly dominating militaristic robots. But when Marcus Wright appears, his existence confuses the mission as Connor tries to determine whether Wright has come from the future or the past -- and whether he's friend or foe.",,5.9,"['Action', 'ScienceFiction', 'Thriller']","['ChristianBale', 'SamWorthington', 'AntonYelchin']",['McG'],115,"All grown up in post-apocalyptic 2018, John Connor must lead the resistance of humans against the increasingly dominating militaristic robots. But when Marcus Wright appears, his existence confuses the mission as Connor tries to determine whether Wright has come from the future or the past -- and whether he's friend or foe. Action ScienceFiction Thriller savingtheworld artificialintelligence prophecy sanfrancisco cyborg killerrobot gasstation post-apocalyptic dystopia army firearm wartime losangeles ChristianBale SamWorthington AntonYelchin McG",en,5/20/2009
168259,Furious 7,Deckard Shaw seeks revenge against Dominic Toretto and his family for his comatose brother.,,7.3,['Action'],"['VinDiesel', 'PaulWalker', 'DwayneJohnson']",['JamesWan'],137,Deckard Shaw seeks revenge against Dominic Toretto and his family for his comatose brother. Action carrace speed revenge suspense car race musclecar VinDiesel PaulWalker DwayneJohnson JamesWan,en,4/1/2015
72190,World War Z,"Life for former United Nations investigator Gerry Lane and his family seems content. Suddenly, the world is plagued by a mysterious infection turning whole human populations into rampaging mindless zombies. After barely escaping the chaos, Lane is persuaded to go on a mission to investigate this disease. What follows is a perilous trek around the world where Lane must brave horrific dangers and long odds to find answers before human civilization falls.",,6.7,"['Action', 'Drama', 'Horror', 'ScienceFiction', 'Thriller']","['BradPitt', 'MireilleEnos', 'AbigailHargrove']",['MarcForster'],116,"Life for former United Nations investigator Gerry Lane and his family seems content. Suddenly, the world is plagued by a mysterious infection turning whole human populations into rampaging mindless zombies. After barely escaping the chaos, Lane is persuaded to go on a mission to investigate this disease. What follows is a perilous trek around the world where Lane must brave horrific dangers and long odds to find answers before human civilization falls. Action Drama Horror ScienceFiction Thriller dystopia apocalypse zombie nuclearweapons multipleperspectives zombieapocalypse BradPitt MireilleEnos AbigailHargrove MarcForster",en,6/20/2013
127585,X-Men: Days of Future Past,The ultimate X-Men ensemble fights a war for the survival of the species across two time periods as they join forces with their younger selves in an epic battle that must change the past – to save our future.,,7.5,"['Action', 'Adventure', 'Fantasy', 'ScienceFiction']","['HughJackman', 'JamesMcAvoy', 'MichaelFassbender']",['BryanSinger'],131,The ultimate X-Men ensemble fights a war for the survival of the species across two time periods as they join forces with their younger selves in an epic battle that must change the past – to save our future. Action Adventure Fantasy ScienceFiction 1970s mutant timetravel marvelcomic basedoncomicbook superhuman storm beast aftercreditsstinger changingthepastorfuture HughJackman JamesMcAvoy MichaelFassbender BryanSinger,en,5/15/2014
54138,Star Trek Into Darkness,"When the crew of the Enterprise is called back home, they find an unstoppable force of terror from within their own organization has detonated the fleet and everything it stands for, leaving our world in a state of crisis.  With a personal score to settle, Captain Kirk leads a manhunt to a war-zone world to capture a one man weapon of mass destruction. As our heroes are propelled into an epic chess game of life and death, love will be challenged, friendships will be torn apart, and sacrifices must be made for the only family Kirk has left: his crew.",,7.4,"['Action', 'Adventure', 'ScienceFiction']","['ChrisPine', 'ZacharyQuinto', 'ZoeSaldana']",['J.J.Abrams'],132,"When the crew of the Enterprise is called back home, they find an unstoppable force of terror from within their own organization has detonated the fleet and everything it stands for, leaving our world in a state of crisis. With a personal score to settle, Captain Kirk leads a manhunt to a war-zone world to capture a one man weapon of mass destruction. As our heroes are propelled into an epic chess game of life and death, love will be challenged, friendships will be torn apart, and sacrifices must be made for the only family Kirk has left: his crew. Action Adventure ScienceFiction spacecraft friendship sequel futuristic space alien imax spaceopera terroristbombing 3d ChrisPine ZacharyQuinto ZoeSaldana J.J.Abrams",en,5/5/2013
81005,Jack the Giant Slayer,"The story of an ancient war that is reignited when a young farmhand unwittingly opens a gateway between our world and a fearsome race of giants. Unleashed on the Earth for the first time in centuries, the giants strive to reclaim the land they once lost, forcing the young man, Jack into the battle of his life to stop them. Fighting for a kingdom, its people, and the love of a brave princess, he comes face to face with the unstoppable warriors he thought only existed in legend–and gets the chance to become a legend himself.",,5.5,"['Action', 'Family', 'Fantasy']","['NicholasHoult', 'EleanorTomlinson', 'EwanMcGregor']",['BryanSinger'],114,"The story of an ancient war that is reignited when a young farmhand unwittingly opens a gateway between our world and a fearsome race of giants. Unleashed on the Earth for the first time in centuries, the giants strive to reclaim the land they once lost, forcing the young man, Jack into the battle of his life to stop them. Fighting for a kingdom, its people, and the love of a brave princess, he comes face to face with the unstoppable warriors he thought only existed in legend–and gets the chance to become a legend himself. Action Family Fantasy basedonfairytale giant NicholasHoult EleanorTomlinson EwanMcGregor BryanSinger",en,2/27/2013
