72559,G.I. Joe: Retaliation,"Framed for crimes against the country, the G.I. Joe team is terminated by Presidential order. This forces the G.I. Joes into not only fighting their mortal enemy Cobra; they are forced to contend with threats from within the government that jeopardize their very existence.",,5.4,"['Adventure', 'Action', 'ScienceFiction', 'Thriller']","['DwayneJohnson', 'D.J.Cotrona', 'AdriannePalicki']",['JonM.Chu'],110,"Framed for crimes against the country, the G.I. Joe team is terminated by Presidential order. This forces the G.I. Joes into not only fighting their mortal enemy Cobra; they are forced to contend with threats from within the government that jeopardize their very existence. Adventure Action ScienceFiction Thriller terror assassin secret technology missile warhead president rescue conspiracy explosion battle surveillance cobra DwayneJohnson D.J.Cotrona AdriannePalicki JonM.Chu",en,26-Mar-13
7364,Sahara,"Scouring the ocean depths for treasure-laden shipwrecks is business as usual for a thrill-seeking underwater adventurer and his wisecracking buddy. But when these two cross paths with a beautiful doctor, they find themselves on the ultimate treasure hunt.",,5.7,"['Action', 'Adventure', 'Comedy', 'Drama', 'Mystery']","['MatthewMcConaughey', 'PenélopeCruz', 'SteveZahn']",['BreckEisner'],124,"Scouring the ocean depths for treasure-laden shipwrecks is business as usual for a thrill-seeking underwater adventurer and his wisecracking buddy. But when these two cross paths with a beautiful doctor, they find themselves on the ultimate treasure hunt. Action Adventure Comedy Drama Mystery tyrant ironcladship MatthewMcConaughey PenélopeCruz SteveZahn BreckEisner",en,6-Apr-05
2114,Final Fantasy: The Spirits Within,"Led by a strange dream, scientist Aki Ross struggles to collect the eight spirits in the hope of creating a force powerful enough to protect the planet. With the aid of the Deep Eyes Squadron and her mentor, Dr. Sid, Aki must save the Earth from its darkest hate and unleash the spirits within.",,5.9,"['Adventure', 'Action', 'Animation', 'Fantasy', 'ScienceFiction', 'Thriller']","['DonaldSutherland', 'Ming-NaWen', 'AlecBaldwin']","['HironobuSakaguchi', 'MotonoriSakakibara']",106,"Led by a strange dream, scientist Aki Ross struggles to collect the eight spirits in the hope of creating a force powerful enough to protect the planet. With the aid of the Deep Eyes Squadron and her mentor, Dr. Sid, Aki must save the Earth from its darkest hate and unleash the spirits within. Adventure Action Animation Fantasy ScienceFiction Thriller battleassignment dystopia alien downfall scientist basedonvideogame DonaldSutherland Ming-NaWen AlecBaldwin HironobuSakaguchi MotonoriSakakibara",en,2-Jul-01
1771,Captain America: The First Avenger,"Predominantly set during World War II, Steve Rogers is a sickly man from Brooklyn who's transformed into super-soldier Captain America to aid in the war effort. Rogers must stop the Red Skull – Adolf Hitler's ruthless head of weaponry, and the leader of an organization that intends to use a mysterious device of untold powers for world domination.",,6.6,"['Action', 'Adventure', 'ScienceFiction']","['ChrisEvans', 'HugoWeaving', 'TommyLeeJones']",['JoeJohnston'],124,"Predominantly set during World War II, Steve Rogers is a sickly man from Brooklyn who's transformed into super-soldier Captain America to aid in the war effort. Rogers must stop the Red Skull – Adolf Hitler's ruthless head of weaponry, and the leader of an organization that intends to use a mysterious device of untold powers for world domination. Action Adventure ScienceFiction newyork usa worldwarii nazis marvelcomic superhero basedoncomicbook nazigermany perioddrama brooklynnewyorkcity captainamerica aftercreditsstinger marvelcinematicuniverse 3d ChrisEvans HugoWeaving TommyLeeJones JoeJohnston",en,22-Jul-11
36643,The World Is Not Enough,"Greed, revenge, world dominance and high-tech terrorism – it's all in a day's work for Bond, who's on a mission to a protect beautiful oil heiress from a notorious terrorist. In a race against time that culminates in a dramatic submarine showdown, Bond works to defuse the international power struggle that has the world's oil supply hanging in the balance.",,6,"['Adventure', 'Action', 'Thriller']","['PierceBrosnan', 'SophieMarceau', 'RobertCarlyle']",['MichaelApted'],128,"Greed, revenge, world dominance and high-tech terrorism – it's all in a day's work for Bond, who's on a mission to a protect beautiful oil heiress from a notorious terrorist. In a race against time that culminates in a dramatic submarine showdown, Bond works to defuse the international power struggle that has the world's oil supply hanging in the balance. Adventure Action Thriller british mission oil heiress bilbaospain britishsecretservice PierceBrosnan SophieMarceau RobertCarlyle MichaelApted",en,8-Nov-99
8619,Master and Commander: The Far Side of the World,"After an abrupt and violent encounter with a French warship inflicts severe damage upon his ship, a captain of the British Royal Navy begins a chase over two oceans to capture or destroy the enemy, though he must weigh his commitment to duty and ferocious pursuit of glory against the safety of his devoted crew, including the ship's thoughtful surgeon, his best friend.",,6.9,['Adventure'],"['RussellCrowe', 'PaulBettany', ""JamesD'Arcy""]",['PeterWeir'],138,"After an abrupt and violent encounter with a French warship inflicts severe damage upon his ship, a captain of the British Royal Navy begins a chase over two oceans to capture or destroy the enemy, though he must weigh his commitment to duty and ferocious pursuit of glory against the safety of his devoted crew, including the ship's thoughtful surgeon, his best friend. Adventure naturalist frigate selfsurgery seabattle weevil RussellCrowe PaulBettany JamesD'Arcy PeterWeir",en,14-Nov-03
50620,The Twilight Saga: Breaking Dawn - Part 2,"After the birth of Renesmee, the Cullens gather other vampire clans in order to protect the child from a false allegation that puts the family in front of the Volturi.",,6.1,"['Adventure', 'Fantasy', 'Drama', 'Romance']","['KristenStewart', 'RobertPattinson', 'TaylorLautner']",['BillCondon'],115,"After the birth of Renesmee, the Cullens gather other vampire clans in order to protect the child from a false allegation that puts the family in front of the Volturi. Adventure Fantasy Drama Romance vampire romance villainess superstrength imprinting crossbreed bloodsucker grudge vampirevsvampire chiefofpolice dhampir forkswashington wolfpack misinformation seeingthefuture fangvamp KristenStewart RobertPattinson TaylorLautner BillCondon",en,13-Nov-12
65759,Happy Feet Two,"Mumble the penguin has a problem: his son Erik, who is reluctant to dance, encounters The Mighty Sven, a penguin who can fly! Things get worse for Mumble when the world is shaken by powerful forces, causing him to brings together the penguin nations and their allies to set things right.",,5.8,"['Animation', 'Comedy', 'Family']","['ElijahWood', 'RobinWilliams', 'Pink']",['GeorgeMiller'],100,"Mumble the penguin has a problem: his son Erik, who is reluctant to dance, encounters The Mighty Sven, a penguin who can fly! Things get worse for Mumble when the world is shaken by powerful forces, causing him to brings together the penguin nations and their allies to set things right. Animation Comedy Family penguin musical aftercreditsstinger 3d ElijahWood RobinWilliams Pink GeorgeMiller",en,17-Nov-11
1724,The Incredible Hulk,"Scientist Bruce Banner scours the planet for an antidote to the unbridled force of rage within him: the Hulk. But when the military masterminds who dream of exploiting his powers force him back to civilization, he finds himself coming face to face with a new, deadly foe.",,6.1,"['ScienceFiction', 'Action', 'Adventure']","['EdwardNorton', 'LivTyler', 'TimRoth']",['LouisLeterrier'],114,"Scientist Bruce Banner scours the planet for an antidote to the unbridled force of rage within him: the Hulk. But when the military masterminds who dream of exploiting his powers force him back to civilization, he finds himself coming face to face with a new, deadly foe. ScienceFiction Action Adventure newyork riodejaneiro marvelcomic superhero basedoncomicbook ontherun fugitive supersoldier tonystark virginia military hulk marvelcinematicuniverse angry brucebanner EdwardNorton LivTyler TimRoth LouisLeterrier",en,12-Jun-08
267935,The BFG,"The BFG is no ordinary bone-crunching giant. He is far too nice and jumbly. It's lucky for Sophie that he is. Had she been carried off in the middle of the night by the Bloodbottler, or any of the other giants—rather than the BFG—she would have soon become breakfast. When Sophie hears that the giants are flush-bunking off to England to swollomp a few nice little chiddlers, she decides she must stop them once and for all. And the BFG is going to help her!",,6,"['Adventure', 'Family', 'Fantasy']","['RubyBarnhill', 'MarkRylance', 'RebeccaHall']",['StevenSpielberg'],120,"The BFG is no ordinary bone-crunching giant. He is far too nice and jumbly. It's lucky for Sophie that he is. Had she been carried off in the middle of the night by the Bloodbottler, or any of the other giants—rather than the BFG—she would have soon become breakfast. When Sophie hears that the giants are flush-bunking off to England to swollomp a few nice little chiddlers, she decides she must stop them once and for all. And the BFG is going to help her! Adventure Family Fantasy londonengland england basedonnovel queen littlegirl orphan cannibal giant evilbrother RubyBarnhill MarkRylance RebeccaHall StevenSpielberg",en,1-Jun-16
281957,The Revenant,"In the 1820s, a frontiersman, Hugh Glass, sets out on a path of vengeance against those who left him for dead after a bear mauling.",,7.3,"['Western', 'Drama', 'Adventure', 'Thriller']","['LeonardoDiCaprio', 'TomHardy', 'WillPoulter']",['AlejandroGonzálezIñárritu'],156,"In the 1820s, a frontiersman, Hugh Glass, sets out on a path of vengeance against those who left him for dead after a bear mauling. Western Drama Adventure Thriller fathersonrelationship rape basedonnovel mountains winter grizzlybear wilderness frontier revenge murder nativeamerican survival bear snow violence animaldeath bearattack deathofson basedontrueevents furtrapper LeonardoDiCaprio TomHardy WillPoulter AlejandroGonzálezIñárritu",en,25-Dec-15
77950,Turbo,The tale of an ordinary garden snail who dreams of winning the Indy 500.,,6.1,"['Animation', 'Family']","['RyanReynolds', 'PaulGiamatti', 'MichaelPeña']",['DavidSoren'],96,The tale of an ordinary garden snail who dreams of winning the Indy 500. Animation Family underdog carrace dream speed power snail fast friends superpower racer RyanReynolds PaulGiamatti MichaelPeña DavidSoren,en,11-Jul-13
44896,Rango,"When Rango, a lost family pet, accidentally winds up in the gritty, gun-slinging town of Dirt, the less-than-courageous lizard suddenly finds he stands out. Welcomed as the last hope the town has been waiting for, new Sheriff Rango is forced to play his new role to the hilt.",,6.6,"['Animation', 'Comedy', 'Family', 'Western', 'Adventure']","['JohnnyDepp', 'IslaFisher', 'NedBeatty']",['GoreVerbinski'],107,"When Rango, a lost family pet, accidentally winds up in the gritty, gun-slinging town of Dirt, the less-than-courageous lizard suddenly finds he stands out. Welcomed as the last hope the town has been waiting for, new Sheriff Rango is forced to play his new role to the hilt. Animation Comedy Family Western Adventure sheriff nevada pet rango chameleon lasvegas cactus terrarium constructionsite armadillo disillusionment JohnnyDepp IslaFisher NedBeatty GoreVerbinski",en,2-Mar-11
270946,Penguins of Madagascar,"Skipper, Kowalski, Rico and Private join forces with undercover organization The North Wind to stop the villainous Dr. Octavius Brine from destroying the world as we know it.",,6.5,"['Family', 'Animation', 'Adventure', 'Comedy']","['TomMcGrath', 'ChrisMiller', 'ChristopherKnights']","['EricDarnell', 'SimonJ.Smith']",92,"Skipper, Kowalski, Rico and Private join forces with undercover organization The North Wind to stop the villainous Dr. Octavius Brine from destroying the world as we know it. Family Animation Adventure Comedy penguin madagascar 3d TomMcGrath ChrisMiller ChristopherKnights EricDarnell SimonJ.Smith",en,22-Nov-14
2503,The Bourne Ultimatum,"Bourne is brought out of hiding once again by reporter Simon Ross who is trying to unveil Operation Blackbriar, an upgrade to Project Treadstone, in a series of newspaper columns. Information from the reporter stirs a new set of memories, and Bourne must finally uncover his dark past while dodging The Company's best efforts to eradicate him.",,7.3,"['Action', 'Drama', 'Mystery', 'Thriller']","['MattDamon', 'JuliaStiles', 'DavidStrathairn']",['PaulGreengrass'],115,"Bourne is brought out of hiding once again by reporter Simon Ross who is trying to unveil Operation Blackbriar, an upgrade to Project Treadstone, in a series of newspaper columns. Information from the reporter stirs a new set of memories, and Bourne must finally uncover his dark past while dodging The Company's best efforts to eradicate him. Action Drama Mystery Thriller paris corruption madrid assassin basedonnovel europe prosecution dangerous falseidentity revelation government weapon interpol sequel conspiracy shootout espionage motorcycle violence footchase moskow darkpast langleyvirginia flashback chaseontheroof securityleak MattDamon JuliaStiles DavidStrathairn PaulGreengrass",en,3-Aug-07
9502,Kung Fu Panda,"When the Valley of Peace is threatened, lazy Po the panda discovers his destiny as the ""chosen one"" and trains to become a kung fu hero, but transforming the unsleek slacker into a brave warrior won't be easy. It's up to Master Shifu and the Furious Five -- Tigress, Crane, Mantis, Viper and Monkey -- to give it a try.",,6.9,"['Adventure', 'Animation', 'Family', 'Comedy']","['JackBlack', 'DustinHoffman', 'AngelinaJolie']","['MarkOsborne', 'JohnStevenson']",90,"When the Valley of Peace is threatened, lazy Po the panda discovers his destiny as the ""chosen one"" and trains to become a kung fu hero, but transforming the unsleek slacker into a brave warrior won't be easy. It's up to Master Shifu and the Furious Five -- Tigress, Crane, Mantis, Viper and Monkey -- to give it a try. Adventure Animation Family Comedy china martialarts kungfu mentor snake restaurant shop strongwoman bravery tiger turtle panda sensei anthropomorphism fighting ancientchina monkey master destiny evil aftercreditsstinger monkeywarrior noodle JackBlack DustinHoffman AngelinaJolie MarkOsborne JohnStevenson",en,4-Jun-08
102899,Ant-Man,"Armed with the astonishing ability to shrink in scale but increase in strength, master thief Scott Lang must embrace his inner-hero and help his mentor, Doctor Hank Pym, protect the secret behind his spectacular Ant-Man suit from a new generation of towering threats. Against seemingly insurmountable obstacles, Pym and Lang must plan and pull off a heist that will save the world.",,7,"['ScienceFiction', 'Action', 'Adventure']","['PaulRudd', 'MichaelDouglas', 'EvangelineLilly']",['PeytonReed'],117,"Armed with the astonishing ability to shrink in scale but increase in strength, master thief Scott Lang must embrace his inner-hero and help his mentor, Doctor Hank Pym, protect the secret behind his spectacular Ant-Man suit from a new generation of towering threats. Against seemingly insurmountable obstacles, Pym and Lang must plan and pull off a heist that will save the world. ScienceFiction Action Adventure marvelcomic superhero basedoncomicbook aftercreditsstinger duringcreditsstinger marvelcinematicuniverse 3d PaulRudd MichaelDouglas EvangelineLilly PeytonReed",en,14-Jul-15
101299,The Hunger Games: Catching Fire,"Katniss Everdeen has returned home safe after winning the 74th Annual Hunger Games along with fellow tribute Peeta Mellark. Winning means that they must turn around and leave their family and close friends, embarking on a ""Victor's Tour"" of the districts. Along the way Katniss senses that a rebellion is simmering, but the Capitol is still very much in control as President Snow prepares the 75th Annual Hunger Games (The Quarter Quell) - a competition that could change Panem forever.",,7.4,"['Adventure', 'Action', 'ScienceFiction']","['JenniferLawrence', 'JoshHutcherson', 'LiamHemsworth']",['FrancisLawrence'],146,"Katniss Everdeen has returned home safe after winning the 74th Annual Hunger Games along with fellow tribute Peeta Mellark. Winning means that they must turn around and leave their family and close friends, embarking on a ""Victor's Tour"" of the districts. Along the way Katniss senses that a rebellion is simmering, but the Capitol is still very much in control as President Snow prepares the 75th Annual Hunger Games (The Quarter Quell) - a competition that could change Panem forever. Adventure Action ScienceFiction competition basedonnovel mentor secret factory television propaganda future dystopia alliance games president uprising sequel murder survival conspiracy rebellion blood femaleprotagonist tournament explosion danger imax winner basedonyoungadultnovel JenniferLawrence JoshHutcherson LiamHemsworth FrancisLawrence",en,15-Nov-13
228161,Home,"When Earth is taken over by the overly-confident Boov, an alien race in search of a new place to call home, all humans are promptly relocated, while all Boov get busy reorganizing the planet. But when one resourceful girl, Tip, manages to avoid capture, she finds herself the accidental accomplice of a banished Boov named Oh. The two fugitives realize there’s a lot more at stake than intergalactic relations as they embark on the road trip of a lifetime.",,6.8,"['Fantasy', 'Comedy', 'Animation', 'ScienceFiction', 'Family']","['JimParsons', 'Rihanna', 'SteveMartin']",['TimJohnson'],94,"When Earth is taken over by the overly-confident Boov, an alien race in search of a new place to call home, all humans are promptly relocated, while all Boov get busy reorganizing the planet. But when one resourceful girl, Tip, manages to avoid capture, she finds herself the accidental accomplice of a banished Boov named Oh. The two fugitives realize there’s a lot more at stake than intergalactic relations as they embark on the road trip of a lifetime. Fantasy Comedy Animation ScienceFiction Family friendship spaceship space alien alieninvasion alienfriendship awfulleader takingresposibility JimParsons Rihanna SteveMartin TimJohnson",en,18-Mar-15
74,War of the Worlds,"Ray Ferrier is a divorced dockworker and less-than-perfect father. Soon after his ex-wife and her new husband drop of his teenage son and young daughter for a rare weekend visit, a strange and powerful lightning storm touches down.",,6.2,"['Adventure', 'Thriller', 'ScienceFiction']","['TomCruise', 'DakotaFanning', 'MirandaOtto']",['StevenSpielberg'],116,"Ray Ferrier is a divorced dockworker and less-than-perfect father. Soon after his ex-wife and her new husband drop of his teenage son and young daughter for a rare weekend visit, a strange and powerful lightning storm touches down. Adventure Thriller ScienceFiction posttraumaticstressdisorder newjersey airplane dystopia daughter apocalypse alieninvasion humansubjugation TomCruise DakotaFanning MirandaOtto StevenSpielberg",en,28-Jun-05
8961,Bad Boys II,"Out-of-control, trash-talking buddy cops Marcus Burnett and Mike Lowrey of the Miami Narcotics Task Force reunite, and bullets fly, cars crash and laughs explode as they pursue a whacked-out drug lord from the streets of Miami to the barrios of Cuba. But the real fireworks result when Marcus discovers that playboy Mike is secretly romancing Marcus’ sexy sister.",,6.3,"['Adventure', 'Action', 'Comedy', 'Thriller', 'Crime']","['MartinLawrence', 'WillSmith', 'JordiMollà']",['MichaelBay'],147,"Out-of-control, trash-talking buddy cops Marcus Burnett and Mike Lowrey of the Miami Narcotics Task Force reunite, and bullets fly, cars crash and laughs explode as they pursue a whacked-out drug lord from the streets of Miami to the barrios of Cuba. But the real fireworks result when Marcus discovers that playboy Mike is secretly romancing Marcus’ sexy sister. Adventure Action Comedy Thriller Crime miami kukluxklan cuba undercover mexicanstandoff ecstasy guantánamo slaughter shootout gunfight bromance gangster violence footchase interrogation carchase druglord explodinghouse narcoticscop illegaldrugs deaagent buddycop criminalunderworld actionhero haitiangang minefield MartinLawrence WillSmith JordiMollà MichaelBay",en,18-Jul-03
417859,Puss in Boots,"Long before he even met Shrek, the notorious fighter, lover and outlaw Puss in Boots becomes a hero when he sets off on an adventure with the tough and street smart Kitty Softpaws and the mastermind Humpty Dumpty to save his town. This is the true story of The Cat, The Myth, The Legend... The Boots.",,6.4,"['Action', 'Adventure', 'Animation', 'Family', 'Fantasy']","['AntonioBanderas', 'SalmaHayek', 'ZachGalifianakis']",['ChrisMiller'],90,"Long before he even met Shrek, the notorious fighter, lover and outlaw Puss in Boots becomes a hero when he sets off on an adventure with the tough and street smart Kitty Softpaws and the mastermind Humpty Dumpty to save his town. This is the true story of The Cat, The Myth, The Legend... The Boots. Action Adventure Animation Family Fantasy adventure fairy-talefigure AntonioBanderas SalmaHayek ZachGalifianakis ChrisMiller",en,28-Oct-11
27576,Salt,"As a CIA officer, Evelyn Salt swore an oath to duty, honor and country. Her loyalty will be tested when a defector accuses her of being a Russian spy. Salt goes on the run, using all her skills and years of experience as a covert operative to elude capture. Salt's efforts to prove her innocence only serve to cast doubt on her motives, as the hunt to uncover the truth behind her identity continues and the question remains: ""Who is Salt?""",,6.2,"['Action', 'Mystery', 'Thriller']","['AngelinaJolie', 'LievSchreiber', 'ChiwetelEjiofor']",['PhillipNoyce'],100,"As a CIA officer, Evelyn Salt swore an oath to duty, honor and country. Her loyalty will be tested when a defector accuses her of being a Russian spy. Salt goes on the run, using all her skills and years of experience as a covert operative to elude capture. Salt's efforts to prove her innocence only serve to cast doubt on her motives, as the hunt to uncover the truth behind her identity continues and the question remains: ""Who is Salt?"" Action Mystery Thriller assassination spy cia kidnapping coldwar sovietunion doubleagent raceagainsttime revenge ontherun shootout espionage femaleprotagonist hitwoman terrorism violence russianspy intelligenceofficer actionheroine AngelinaJolie LievSchreiber ChiwetelEjiofor PhillipNoyce",en,21-Jul-10
86834,Noah,A man who suffers visions of an apocalyptic deluge takes measures to protect his family from the coming flood.,,5.6,"['Drama', 'Adventure']","['RussellCrowe', 'JenniferConnelly', 'EmmaWatson']",['DarrenAronofsky'],139,A man who suffers visions of an apocalyptic deluge takes measures to protect his family from the coming flood. Drama Adventure bible god noah 3d RussellCrowe JenniferConnelly EmmaWatson DarrenAronofsky,en,20-Mar-14
17578,The Adventures of Tintin,"Intrepid young reporter, Tintin and his loyal dog, Snowy are thrust into a world of high adventure when they discover a ship carrying an explosive secret. As Tintin is drawn into a centuries-old mystery, Ivan Ivanovitch Sakharine suspects him of stealing a priceless treasure. Tintin and Snowy, with the help of salty, cantankerous Captain Haddock and bumbling detectives, Thompson &amp; Thomson, travel half the world, one step ahead of their enemies as Tintin endeavors to find The Unicorn, a sunken ship that may hold a vast fortune, but also an ancient curse.",,6.7,"['Adventure', 'Animation', 'Mystery']","['JamieBell', 'AndySerkis', 'DanielCraig']",['StevenSpielberg'],107,"Intrepid young reporter, Tintin and his loyal dog, Snowy are thrust into a world of high adventure when they discover a ship carrying an explosive secret. As Tintin is drawn into a centuries-old mystery, Ivan Ivanovitch Sakharine suspects him of stealing a priceless treasure. Tintin and Snowy, with the help of salty, cantankerous Captain Haddock and bumbling detectives, Thompson &amp; Thomson, travel half the world, one step ahead of their enemies as Tintin endeavors to find The Unicorn, a sunken ship that may hold a vast fortune, but also an ancient curse. Adventure Animation Mystery riddle captain treasure liquor treasurehunt sunkentreasure plot reporter 3d action JamieBell AndySerkis DanielCraig StevenSpielberg",en,25-Oct-11
673,Harry Potter and the Prisoner of Azkaban,"Harry, Ron and Hermione return to Hogwarts for another magic-filled year. Harry comes face to face with danger yet again, this time in the form of escaped convict, Sirius Black – and turns to sympathetic Professor Lupin for help.",,7.7,"['Adventure', 'Fantasy', 'Family']","['DanielRadcliffe', 'RupertGrint', 'EmmaWatson']",['AlfonsoCuarón'],141,"Harry, Ron and Hermione return to Hogwarts for another magic-filled year. Harry comes face to face with danger yet again, this time in the form of escaped convict, Sirius Black – and turns to sympathetic Professor Lupin for help. Adventure Fantasy Family flying traitor magic cuttingthecord childhero broom sorcerer'sapprentice schoolofwitchcraft griffon blackmagic timetravel bestfriend werewolf dark muggle aftercreditsstinger DanielRadcliffe RupertGrint EmmaWatson AlfonsoCuarón",en,31-May-04
6972,Australia,"Set in northern Australia before World War II, an English aristocrat who inherits a sprawling ranch reluctantly pacts with a stock-man in order to protect her new property from a takeover plot. As the pair drive 2,000 head of cattle over unforgiving landscape, they experience the bombing of Darwin, Australia, by Japanese forces firsthand.",,6.3,['Drama'],"['NicoleKidman', 'HughJackman', 'EssieDavis']",['BazLuhrmann'],165,"Set in northern Australia before World War II, an English aristocrat who inherits a sprawling ranch reluctantly pacts with a stock-man in order to protect her new property from a takeover plot. As the pair drive 2,000 head of cattle over unforgiving landscape, they experience the bombing of Darwin, Australia, by Japanese forces firsthand. Drama missionary worldwarii ranch australia british racist cattledrive aftercreditsstinger stampede waltzingmatilda trampledtodeath NicoleKidman HughJackman EssieDavis BazLuhrmann",en,18-Nov-08
82700,After Earth,"One thousand years after cataclysmic events forced humanity's escape from Earth, Nova Prime has become mankind's new home. Legendary General Cypher Raige returns from an extended tour of duty to his estranged family, ready to be a father to his 13-year-old son, Kitai. When an asteroid storm damages Cypher and Kitai's craft, they crash-land on a now unfamiliar and dangerous Earth. As his father lies dying in the cockpit, Kitai must trek across the hostile terrain to recover their rescue beacon. His whole life, Kitai has wanted nothing more than to be a soldier like his father. Today, he gets his chance.",,5,"['ScienceFiction', 'Action', 'Adventure']","['JadenSmith', 'WillSmith', 'SophieOkonedo']",['M.NightShyamalan'],100,"One thousand years after cataclysmic events forced humanity's escape from Earth, Nova Prime has become mankind's new home. Legendary General Cypher Raige returns from an extended tour of duty to his estranged family, ready to be a father to his 13-year-old son, Kitai. When an asteroid storm damages Cypher and Kitai's craft, they crash-land on a now unfamiliar and dangerous Earth. As his father lies dying in the cockpit, Kitai must trek across the hostile terrain to recover their rescue beacon. His whole life, Kitai has wanted nothing more than to be a soldier like his father. Today, he gets his chance. ScienceFiction Action Adventure dystopia JadenSmith WillSmith SophieOkonedo M.NightShyamalan",en,30-May-13
10567,Dinosaur,An orphaned dinosaur raised by lemurs joins an arduous trek to a sancturary after a meteorite shower destroys his family home.,,6.2,"['Animation', 'Family']","['D.B.Sweeney', 'AlfreWoodard', 'OssieDavis']","['RalphZondag', 'EricLeighton']",82,An orphaned dinosaur raised by lemurs joins an arduous trek to a sancturary after a meteorite shower destroys his family home. Animation Family cataclysm asteroid leader comet animation prehistoric prehistoricegg dinosaur nestinggrounds prehistoriccreature prehistoricadventure lemur prehistorictimes D.B.Sweeney AlfreWoodard OssieDavis RalphZondag EricLeighton,en,19-May-00
181533,Night at the Museum: Secret of the Tomb,"When the magic powers of The Tablet of Ahkmenrah begin to die out, Larry Daley (Ben Stiller) spans the globe, uniting favorite and new characters while embarking on an epic quest to save the magic before it is gone forever.",,6.1,"['Adventure', 'Comedy', 'Fantasy', 'Family']","['BenStiller', 'RamiMalek', 'RebelWilson']",['ShawnLevy'],97,"When the magic powers of The Tablet of Ahkmenrah begin to die out, Larry Daley (Ben Stiller) spans the globe, uniting favorite and new characters while embarking on an epic quest to save the magic before it is gone forever. Adventure Comedy Fantasy Family nightwatchman museum naturalhistory history smithsonian BenStiller RamiMalek RebelWilson ShawnLevy",en,17-Dec-14
38055,Megamind,"Bumbling supervillain Megamind finally defeats his nemesis, the superhero Metro Man. But without a hero, he loses all purpose and must find new meaning to his life.",,6.7,"['Animation', 'Action', 'Comedy', 'Family', 'ScienceFiction']","['WillFerrell', 'BradPitt', 'TinaFey']",['TomMcGrath'],95,"Bumbling supervillain Megamind finally defeats his nemesis, the superhero Metro Man. But without a hero, he loses all purpose and must find new meaning to his life. Animation Action Comedy Family ScienceFiction savingtheworld date prison secretidentity fish gun dna mayor antihero rain museum one-sidedlove serum talkinganimal reporter duringcreditsstinger strongervillain WillFerrell BradPitt TinaFey TomMcGrath",en,28-Oct-10
671,Harry Potter and the Philosopher's Stone,"Harry Potter has lived under the stairs at his aunt and uncle's house his whole life. But on his 11th birthday, he learns he's a powerful wizard -- with a place waiting for him at the Hogwarts School of Witchcraft and Wizardry. As he learns to harness his newfound powers with the help of the school's kindly headmaster, Harry uncovers the truth about his parents' deaths -- and about the villain who's to blame.",,7.5,"['Adventure', 'Fantasy', 'Family']","['DanielRadcliffe', 'RupertGrint', 'EmmaWatson']",['ChrisColumbus'],152,"Harry Potter has lived under the stairs at his aunt and uncle's house his whole life. But on his 11th birthday, he learns he's a powerful wizard -- with a place waiting for him at the Hogwarts School of Witchcraft and Wizardry. As he learns to harness his newfound powers with the help of the school's kindly headmaster, Harry uncovers the truth about his parents' deaths -- and about the villain who's to blame. Adventure Fantasy Family witch christmasparty magic cuttingthecord halloween childhero broom chosenone frog fantasyworld basedonyoungadultnovel DanielRadcliffe RupertGrint EmmaWatson ChrisColumbus",en,16-Nov-01
49524,R.I.P.D.,A recently slain cop joins a team of undead police officers working for the Rest in Peace Department and tries to find the man who murdered him. Based on the comic by Peter M. Lenkov.,,5.4,"['Fantasy', 'Action', 'Comedy', 'Crime']","['JeffBridges', 'RyanReynolds', 'KevinBacon']",['RobertSchwentke'],96,A recently slain cop joins a team of undead police officers working for the Rest in Peace Department and tries to find the man who murdered him. Based on the comic by Peter M. Lenkov. Fantasy Action Comedy Crime gold policeoperation partner revenge undead ghost policedepartment JeffBridges RyanReynolds KevinBacon RobertSchwentke,en,18-Jul-13
22,Pirates of the Caribbean: The Curse of the Black Pearl,"Jack Sparrow, a freewheeling 17th-century pirate who roams the Caribbean Sea, butts heads with a rival pirate bent on pillaging the village of Port Royal. When the governor's daughter is kidnapped, Sparrow decides to help the girl's love save her. But their seafaring mission is hardly simple.",,7.5,"['Adventure', 'Fantasy', 'Action']","['JohnnyDepp', 'GeoffreyRush', 'OrlandoBloom']",['GoreVerbinski'],143,"Jack Sparrow, a freewheeling 17th-century pirate who roams the Caribbean Sea, butts heads with a rival pirate bent on pillaging the village of Port Royal. When the governor's daughter is kidnapped, Sparrow decides to help the girl's love save her. But their seafaring mission is hardly simple. Adventure Fantasy Action exoticisland blacksmith eastindiatradingcompany gold marriageproposal mutiny jamaica skeleton daughter governor woodeneye goldcoin pirate alcoholic swashbuckler caribbean aftercreditsstinger pirateship capuchinmonkey tortuga JohnnyDepp GeoffreyRush OrlandoBloom GoreVerbinski",en,9-Jul-03
131631,The Hunger Games: Mockingjay - Part 1,Katniss Everdeen reluctantly becomes the symbol of a mass rebellion against the autocratic Capitol.,,6.6,"['ScienceFiction', 'Adventure', 'Thriller']","['JenniferLawrence', 'JoshHutcherson', 'LiamHemsworth']",['FrancisLawrence'],123,Katniss Everdeen reluctantly becomes the symbol of a mass rebellion against the autocratic Capitol. ScienceFiction Adventure Thriller resistance post-apocalyptic dystopia war sequel femaleprotagonist bowandarrow game futurewar revolt classprejudice humansubjugation basedonyoungadultnovel JenniferLawrence JoshHutcherson LiamHemsworth FrancisLawrence,en,18-Nov-14
591,The Da Vinci Code,"When the curator of the Louvre is found murdered in the famed museum's hallowed halls, Harvard professor, Robert Langdon and cryptographer, Sophie Neve must untangle a deadly web of deceit involving the works of Leonardo da Vinci.",,6.5,"['Thriller', 'Mystery']","['TomHanks', 'AudreyTautou', 'IanMcKellen']",['RonHoward'],149,"When the curator of the Louvre is found murdered in the famed museum's hallowed halls, Harvard professor, Robert Langdon and cryptographer, Sophie Neve must untangle a deadly web of deceit involving the works of Leonardo da Vinci. Thriller Mystery paris holygrail christianity monk basedonnovel zurich secretsociety louvre curator symbologist opusdei heresy monalisa freemason conspiracy pentagram tomb catholicism cryptologist iconography albino sect TomHanks AudreyTautou IanMcKellen RonHoward",en,17-May-06
172385,Rio 2,"It's a jungle out there for Blu, Jewel and their three kids after they're hurtled from Rio de Janeiro to the wilds of the Amazon. As Blu tries to fit in, he goes beak-to-beak with the vengeful Nigel, and meets the most fearsome adversary of all: his father-in-law.",,6.3,"['Animation', 'Adventure', 'Comedy', 'Family']","['JesseEisenberg', 'AnneHathaway', 'LeslieMann']",['CarlosSaldanha'],102,"It's a jungle out there for Blu, Jewel and their three kids after they're hurtled from Rio de Janeiro to the wilds of the Amazon. As Blu tries to fit in, he goes beak-to-beak with the vengeful Nigel, and meets the most fearsome adversary of all: his father-in-law. Animation Adventure Comedy Family bird sequel jungle audition amazonrainforest parrots JesseEisenberg AnneHathaway LeslieMann CarlosSaldanha",en,19-Mar-14
36658,X2,"Professor Charles Xavier and his team of genetically gifted superheroes face a rising tide of anti-mutant sentiment led by Col. William Stryker. Storm, Wolverine and Jean Grey must join their usual nemeses –  Magneto and Mystique – to unhinge Stryker's scheme to exterminate all mutants.",,6.8,"['Adventure', 'Action', 'ScienceFiction', 'Thriller']","['PatrickStewart', 'HughJackman', 'IanMcKellen']",['BryanSinger'],133,"Professor Charles Xavier and his team of genetically gifted superheroes face a rising tide of anti-mutant sentiment led by Col. William Stryker. Storm, Wolverine and Jean Grey must join their usual nemeses – Magneto and Mystique – to unhinge Stryker's scheme to exterminate all mutants. Adventure Action ScienceFiction Thriller mutant marvelcomic superhero basedoncomicbook superhuman PatrickStewart HughJackman IanMcKellen BryanSinger",en,24-Apr-03
51497,Fast Five,"Former cop Brian O'Conner partners with ex-con Dom Toretto on the opposite side of the law. Since Brian and Mia Toretto broke Dom out of custody, they've blown across many borders to elude authorities. Now backed into a corner in Rio de Janeiro, they must pull one last job in order to gain their freedom.",,7.1,"['Action', 'Thriller', 'Crime']","['VinDiesel', 'PaulWalker', 'JordanaBrewster']",['JustinLin'],130,"Former cop Brian O'Conner partners with ex-con Dom Toretto on the opposite side of the law. Since Brian and Mia Toretto broke Dom out of custody, they've blown across many borders to elude authorities. Now backed into a corner in Rio de Janeiro, they must pull one last job in order to gain their freedom. Action Thriller Crime brazil fbi freedom escapefromprison carcrash heist organizedcrime ontherun money fugitive policechase escapedconvict car imax automobileracing duringcreditsstinger VinDiesel PaulWalker JordanaBrewster JustinLin",en,20-Apr-11
58574,Sherlock Holmes: A Game of Shadows,"There is a new criminal mastermind at large (Professor Moriarty) and not only is he Holmes’ intellectual equal, but his capacity for evil and lack of conscience may give him an advantage over the  detective.",,7,"['Adventure', 'Action', 'Crime', 'Mystery']","['RobertDowneyJr.', 'JudeLaw', 'JaredHarris']",['GuyRitchie'],129,"There is a new criminal mastermind at large (Professor Moriarty) and not only is he Holmes’ intellectual equal, but his capacity for evil and lack of conscience may give him an advantage over the detective. Adventure Action Crime Mystery detectiveinspector steampunk criminalmastermind RobertDowneyJr. JudeLaw JaredHarris GuyRitchie",en,22-Nov-11
18823,Clash of the Titans,"Born of a god but raised as a man, Perseus is helpless to save his family from Hades, vengeful god of the underworld. With nothing to lose, Perseus volunteers to lead a dangerous mission to defeat Hades before he can seize power from Zeus and unleash hell on earth. Battling unholy demons and fearsome beasts, Perseus and his warriors will only survive if Perseus accepts his power as a god, defies fate and creates his own destiny.",,5.6,"['Adventure', 'Fantasy', 'Action']","['SamWorthington', 'LiamNeeson', 'RalphFiennes']",['LouisLeterrier'],106,"Born of a god but raised as a man, Perseus is helpless to save his family from Hades, vengeful god of the underworld. With nothing to lose, Perseus volunteers to lead a dangerous mission to defeat Hades before he can seize power from Zeus and unleash hell on earth. Battling unholy demons and fearsome beasts, Perseus and his warriors will only survive if Perseus accepts his power as a god, defies fate and creates his own destiny. Adventure Fantasy Action hades mythology greekmythology zeus medusa mythologicalbeast seamonster perseus kraken gods ancientgreece basedongreekmyth 3d SamWorthington LiamNeeson RalphFiennes LouisLeterrier",en,1-Apr-10
861,Total Recall,"Construction worker Douglas Quaid discovers a memory chip in his brain during a virtual-reality trip. He also finds that his past has been invented to conceal a plot of planetary domination. Soon, he's off to Mars to find out who he is and who planted the chip.",,7.1,"['Action', 'Adventure', 'ScienceFiction']","['ArnoldSchwarzenegger', 'SharonStone', 'RachelTicotin']",['PaulVerhoeven'],113,"Construction worker Douglas Quaid discovers a memory chip in his brain during a virtual-reality trip. He also finds that his past has been invented to conceal a plot of planetary domination. Soon, he's off to Mars to find out who he is and who planted the chip. Action Adventure ScienceFiction oxygen falselyaccused resistance mars doublelife telepathy mutant hologram spacecolony falseidentity secretagent dystopia cyberpunk falsememory implantedmemory ArnoldSchwarzenegger SharonStone RachelTicotin PaulVerhoeven",en,1-Jun-90
1911,The 13th Warrior,"In AD 922, Arab courtier, Ahmad Ibn Fadlan accompanies a party of Vikings to the barbaric North to combat a terror that slaughters Vikings and devours their flesh.",,6.4,"['Adventure', 'Fantasy', 'Action']","['AntonioBanderas', 'VladimirKulich', 'DennisStorhøi']",['JohnMcTiernan'],102,"In AD 922, Arab courtier, Ahmad Ibn Fadlan accompanies a party of Vikings to the barbaric North to combat a terror that slaughters Vikings and devours their flesh. Adventure Fantasy Action witch cave arabian scandinavia bagdad viking iraq war mission AntonioBanderas VladimirKulich DennisStorhøi JohnMcTiernan",en,27-Aug-99
49040,The Bourne Legacy,"New CIA operative, Aaron Cross experiences life-or-death stakes that have been triggered by the previous actions of Jason Bourne.",,6,"['Action', 'Thriller']","['JeremyRenner', 'RachelWeisz', 'EdwardNorton']",['TonyGilroy'],120,"New CIA operative, Aaron Cross experiences life-or-death stakes that have been triggered by the previous actions of Jason Bourne. Action Thriller assassin wolf maryland suicidebygunshot rooftop explodinghouse laptop trackingdevice fakeid seoulsouthkorea pharmaceuticallab governmentconspiracy roofchase manilaphilippines hunted falsepassport albertacanada lieutenantgeneral JeremyRenner RachelWeisz EdwardNorton TonyGilroy",en,8-Aug-12
415,Batman & Robin,"Along with crime-fighting partner Robin and new recruit Batgirl, Batman battles the dual threat of frosty genius Mr. Freeze and homicidal horticulturalist Poison Ivy. Freeze plans to put Gotham City on ice, while Ivy tries to drive a wedge between the dynamic duo.",,4.2,"['Action', 'Crime', 'Fantasy']","['GeorgeClooney', ""ChrisO'Donnell"", 'ArnoldSchwarzenegger']",['JoelSchumacher'],125,"Along with crime-fighting partner Robin and new recruit Batgirl, Batman battles the dual threat of frosty genius Mr. Freeze and homicidal horticulturalist Poison Ivy. Freeze plans to put Gotham City on ice, while Ivy tries to drive a wedge between the dynamic duo. Action Crime Fantasy doublelife dccomics dualidentity crimefighter fictionalplace gothamcity superhero creditcard superpowers GeorgeClooney ChrisO'Donnell ArnoldSchwarzenegger JoelSchumacher",en,20-Jun-97
8871,How the Grinch Stole Christmas,"Inside a snowflake exists the magical land of Whoville. In Whoville, live the Whos, an almost mutated sort of Munchkin-like people. All the Whos love Christmas, yet just outside of their beloved Whoville lives the Grinch. The Grinch is a nasty creature that hates Christmas, and plots to steal it away from the Whos, whom he equally abhors. Yet a small child, Cindy Lou Who, decides to try befriending the Grinch.",,6.2,"['Family', 'Comedy', 'Fantasy']","['JimCarrey', 'TaylorMomsen', 'JeffreyTambor']",['RonHoward'],104,"Inside a snowflake exists the magical land of Whoville. In Whoville, live the Whos, an almost mutated sort of Munchkin-like people. All the Whos love Christmas, yet just outside of their beloved Whoville lives the Grinch. The Grinch is a nasty creature that hates Christmas, and plots to steal it away from the Whos, whom he equally abhors. Yet a small child, Cindy Lou Who, decides to try befriending the Grinch. Family Comedy Fantasy holiday christmasparty newlove santaclaus village kidsandfamily JimCarrey TaylorMomsen JeffreyTambor RonHoward",en,17-Nov-00
435,The Day After Tomorrow,"After years of increases in the greenhouse effect,  havoc is wreaked globally in the form of catastrophic hurricanes, tornadoes, tidal waves, floods and the beginning of a new Ice Age. Paleoclimatologist, Jack Hall tries to warn the world while also shepherding to safety his son, trapped in New York after the city is overwhelmed by the start of the new big freeze.",,6.2,"['Action', 'Adventure', 'ScienceFiction', 'Thriller']","['DennisQuaid', 'JakeGyllenhaal', 'EmmyRossum']",['RolandEmmerich'],124,"After years of increases in the greenhouse effect, havoc is wreaked globally in the form of catastrophic hurricanes, tornadoes, tidal waves, floods and the beginning of a new Ice Age. Paleoclimatologist, Jack Hall tries to warn the world while also shepherding to safety his son, trapped in New York after the city is overwhelmed by the start of the new big freeze. Action Adventure ScienceFiction Thriller savingtheworld library cataclysm climatechange greenhouseeffect tornado twister hurricane hail temperaturedrop iceage polarzone meteorology gulfstream barrierice icemelting thirdworld exodus evacuation climate government snow losangeles scientist doomsday antarctic disastermovie DennisQuaid JakeGyllenhaal EmmyRossum RolandEmmerich",en,26-May-04
955,Mission: Impossible II,"With computer genius Luther Stickell at his side and a beautiful thief on his mind, agent Ethan Hunt races across Australia and Spain to stop a former IMF agent from unleashing a genetically engineered biological weapon called Chimera. This mission, should Hunt choose to accept it, plunges him into the center of an international crisis of terrifying magnitude.",,5.9,"['Adventure', 'Action', 'Thriller']","['TomCruise', 'DougrayScott', 'ThandieNewton']",['JohnWoo'],123,"With computer genius Luther Stickell at his side and a beautiful thief on his mind, agent Ethan Hunt races across Australia and Spain to stop a former IMF agent from unleashing a genetically engineered biological weapon called Chimera. This mission, should Hunt choose to accept it, plunges him into the center of an international crisis of terrifying magnitude. Adventure Action Thriller terror spain cia helicopter secretidentity skyscraper undercover island ex-lover secretmission dyinganddeath secretagent computer duel lethalvirus violence rescueteam agent car researchlaboratory TomCruise DougrayScott ThandieNewton JohnWoo",en,24-May-00
2133,The Perfect Storm,"In October 1991, a confluence of weather conditions combined to form a killer storm in the North Atlantic. Caught in the storm was the sword-fishing boat Andrea Gail. Magnificent foreshadowing and anticipation fill this true-life drama while minute details of the fishing boats, their gear and the weather are juxtaposed with the sea adventure.",,6.2,['Drama'],"['GeorgeClooney', 'MarkWahlberg', 'DianeLane']",['WolfgangPetersen'],130,"In October 1991, a confluence of weather conditions combined to form a killer storm in the North Atlantic. Caught in the storm was the sword-fishing boat Andrea Gail. Magnificent foreshadowing and anticipation fill this true-life drama while minute details of the fishing boats, their gear and the weather are juxtaposed with the sea adventure. Drama u.s.airforce grocery jamaican meteorologist rescueboat marina cityhall theflemishcap malecamaraderie stormatsea GeorgeClooney MarkWahlberg DianeLane WolfgangPetersen",en,15-Mar-00
1979,Fantastic 4: Rise of the Silver Surfer,"The Fantastic Four return to the big screen as a new and all powerful enemy threatens the Earth. The seemingly unstoppable 'Silver Surfer', but all is not what it seems and there are old and new enemies that pose a greater threat than the intrepid superheroes realize.",,5.4,"['Adventure', 'Fantasy', 'Action', 'Thriller']","['IoanGruffudd', 'JessicaAlba', 'ChrisEvans']",['TimStory'],92,"The Fantastic Four return to the big screen as a new and all powerful enemy threatens the Earth. The seemingly unstoppable 'Silver Surfer', but all is not what it seems and there are old and new enemies that pose a greater threat than the intrepid superheroes realize. Adventure Fantasy Action Thriller fire helicopter surfboard mask satellite airplane transformation forest resurrection marvelcomic sequel superhero basedoncomicbook outerspace wedding explosion scientist interrogation doublecross fantasticfour military earthinperil superhumanstrength duringcreditsstinger invisibility silversurfer forcefield elasticity absorbingpower IoanGruffudd JessicaAlba ChrisEvans TimStory",en,13-Jun-07
87827,Life of Pi,"The story of an Indian boy named Pi, a zookeeper's son who finds himself in the company of a hyena, zebra, orangutan, and a Bengal tiger after a shipwreck sets them adrift in the Pacific Ocean.",,7.2,"['Adventure', 'Drama', 'Action']","['SurajSharma', 'IrrfanKhan', 'AyushTandon']",['AngLee'],127,"The story of an Indian boy named Pi, a zookeeper's son who finds himself in the company of a hyena, zebra, orangutan, and a Bengal tiger after a shipwreck sets them adrift in the Pacific Ocean. Adventure Drama Action ocean shipwreck hindu tiger faith zookeeper teenageboy cargoship lifeboat injuredanimal SurajSharma IrrfanKhan AyushTandon AngLee",en,20-Nov-12
